{"cameraMode":{"drawMode":0,"name":"Shaded","section":"Shading Mode"},"sceneLighting":true,"audioPlay":false,"sceneViewState":{"showFog":true,"showMaterialUpdate":false,"showSkybox":true,"showFlares":true,"showImageEffects":true,"showParticleSystems":true,"showVisualEffectGraphs":true,"m_FxEnabled":true},"in2DMode":false,"pivot":{"x":0.64469313621521,"y":-1.5917291641235352,"z":5.176271438598633},"rotation":{"x":-0.18522405624389649,"y":0.012381765060126782,"z":-0.0023256121203303339,"w":-0.9826479554176331},"size":50.43390655517578,"orthographic":false}